id,firstName,lastName,age,gender,email,phone,username,birthDate,height,weight,eyeColor,hairColor,hairType,address,city,state,postalCode,country
1,Emily,Johnson,28,female,emily.johnson@x.dummyjson.com,+81 965-431-3024,emilys,1996-5-30,193.24,63.16,Green,Brown,Curly,626 Main Street,Phoenix,Mississippi,29112,United States
2,Michael,Williams,35,male,michael.williams@x.dummyjson.com,+49 258-627-6644,michaelw,1989-8-10,186.22,76.32,Red,Green,Straight,385 Fifth Street,Houston,Alabama,38807,United States
3,Sophia,Brown,42,female,sophia.brown@x.dummyjson.com,+81 210-652-2785,sophiab,1982-11-6,177.72,52.6,Hazel,White,Wavy,1642 Ninth Street,Washington,Alabama,32822,United States
4,James,Davis,45,male,james.davis@x.dummyjson.com,+49 614-958-9364,jamesd,1979-5-4,193.31,62.1,Amber,Blonde,Straight,238 Jefferson Street,Seattle,Pennsylvania,68354,United States
5,Emma,Miller,30,female,emma.miller@x.dummyjson.com,+91 759-776-1614,emmaj,1994-6-13,192.8,63.62,Green,White,Straight,607 Fourth Street,Jacksonville,Colorado,26593,United States
6,Olivia,Wilson,22,female,olivia.wilson@x.dummyjson.com,+91 607-295-6448,oliviaw,2002-4-20,182.61,58,Hazel,Gray,Curly,547 First Street,Fort Worth,Tennessee,83843,United States
7,Alexander,Jones,38,male,alexander.jones@x.dummyjson.com,+61 260-824-4986,alexanderj,1986-10-20,153.89,77.42,Blue,White,Straight,664 Maple Street,Indianapolis,Delaware,86684,United States
8,Ava,Taylor,27,female,ava.taylor@x.dummyjson.com,+1 458-853-7877,avat,1997-8-25,168.47,57.08,Hazel,Red,Kinky,1197 First Street,Fort Worth,Rhode Island,24771,United States
9,Ethan,Martinez,33,male,ethan.martinez@x.dummyjson.com,+92 933-608-5081,ethanm,1991-2-12,159.19,68.81,Hazel,Purple,Curly,466 Pine Street,San Antonio,Louisiana,72360,United States
10,Isabella,Anderson,31,female,isabella.anderson@x.dummyjson.com,+49 770-658-4885,isabellad,1993-6-10,150.56,50.1,Brown,Blonde,Curly,1964 Oak Street,New York,Utah,89352,United States
11,Liam,Garcia,29,male,liam.garcia@x.dummyjson.com,+92 870-217-6201,liamg,1995-6-6,162.32,93.16,Violet,Red,Wavy,576 Fifth Street,Denver,South Dakota,57252,United States
12,Mia,Rodriguez,24,female,mia.rodriguez@x.dummyjson.com,+49 989-461-8403,miar,2000-8-4,188.08,56.03,Blue,Purple,Wavy,1627 Sixth Street,Jacksonville,West Virginia,41810,United States
13,Noah,Hernandez,40,male,noah.hernandez@x.dummyjson.com,+49 393-605-6968,noahh,1984-6-5,188.62,69.49,Brown,Red,Curly,1413 Maple Street,New York,North Dakota,73696,United States
14,Charlotte,Lopez,36,female,charlotte.lopez@x.dummyjson.com,+44 373-953-5028,charlottem,1988-6-8,178.92,82.46,Brown,Gray,Kinky,208 Second Street,Columbus,Ohio,42044,United States
15,William,Gonzalez,32,male,william.gonzalez@x.dummyjson.com,+81 905-252-7319,williamg,1992-3-27,173.21,82.41,Hazel,Gray,Curly,31 Maple Street,San Jose,Utah,78243,United States
16,Avery,Perez,25,female,avery.perez@x.dummyjson.com,+61 731-431-3457,averyp,1999-3-10,172.68,93.9,Brown,Green,Curly,1125 First Street,Columbus,Iowa,30973,United States
17,Evelyn,Sanchez,37,female,evelyn.sanchez@x.dummyjson.com,+1 623-880-6871,evelyns,1987-10-13,184.08,83.15,Violet,Blue,Curly,1170 Lincoln Street,San Diego,Wyoming,43423,United States
18,Logan,Torres,31,male,logan.torres@x.dummyjson.com,+81 507-434-8733,logant,1993-10-26,190.04,72.43,Green,Green,Curly,907 Seventh Street,Columbus,Arkansas,78805,United States
19,Abigail,Rivera,28,female,abigail.rivera@x.dummyjson.com,+91 228-363-7806,abigailr,1996-10-11,186.39,74.61,Violet,Blue,Kinky,996 Oak Street,Chicago,New Mexico,11407,United States
20,Jackson,Evans,34,male,jackson.evans@x.dummyjson.com,+44 468-628-6686,jacksone,1990-11-30,162.57,74.37,Green,Red,Straight,1873 Main Street,New York,Arkansas,26600,United States
21,Madison,Collins,26,female,madison.collins@x.dummyjson.com,+81 259-957-5711,madisonc,1998-3-7,189.28,56.96,Red,Gray,Curly,1892 Lincoln Street,Philadelphia,New Jersey,62091,United States
22,Elijah,Stewart,33,male,elijah.stewart@x.dummyjson.com,+44 468-357-7872,elijahs,1991-10-22,195.33,81.64,Blue,Purple,Straight,1701 Eighth Street,Columbus,Illinois,31585,United States
23,Chloe,Morales,39,female,chloe.morales@x.dummyjson.com,+92 468-541-7133,chloem,1985-4-21,185.07,63.97,Brown,Red,Kinky,401 Fourth Street,Dallas,New Jersey,54972,United States
24,Mateo,Nguyen,30,male,mateo.nguyen@x.dummyjson.com,+1 341-597-6694,mateon,1994-6-2,174.29,59.98,Red,Purple,Wavy,1578 Fourth Street,Columbus,Missouri,20673,United States
25,Harper,Kelly,27,female,harper.kelly@x.dummyjson.com,+92 518-863-2863,harpere,1997-3-3,184.32,81.69,Amber,Red,Curly,1591 Adams Street,Philadelphia,New York,69521,United States
26,Evelyn,Gonzalez,35,female,evelyn.gonzalez@x.dummyjson.com,+61 708-508-4638,evelyng,1989-2-5,168.94,58.47,Red,Black,Wavy,1065 Lincoln Street,Dallas,Maine,84898,United States
27,Daniel,Cook,41,male,daniel.cook@x.dummyjson.com,+44 254-761-6843,danielc,1983-12-25,186.21,83.72,Brown,Blonde,Curly,1163 Pine Street,Los Angeles,Nevada,58781,United States
28,Lily,Lee,29,female,lily.lee@x.dummyjson.com,+1 808-757-9867,lilyb,1995-12-3,181.42,51.49,Gray,Purple,Straight,1946 Oak Street,Phoenix,Massachusetts,41540,United States
29,Henry,Hill,38,male,henry.hill@x.dummyjson.com,+1 240-833-4680,henryh,1986-8-19,180.25,95.84,Gray,Black,Straight,1837 Maple Street,Indianapolis,Delaware,81783,United States
30,Addison,Wright,32,female,addison.wright@x.dummyjson.com,+1 514-384-3300,addisonw,1992-1-3,179.32,76.93,Brown,Blonde,Straight,568 Tenth Street,San Francisco,Montana,54698,United States
